feature_id,gene_symbol,gene_title,gene_symbol_raw,multiple_gene_symbols,has_gene_symbol,interpretable_probe,logFC_T1R_R1_vs_Borderline_non_reaction,average_expression,moderated_t,raw_p_value,adjusted_p_value,log_odds,regulation,abs_logFC
A_33_P3410584,LOC645586,LOC645586,LOC645586,FALSE,TRUE,TRUE,-1.4391622503666652,-0.35140138611363636,-8.657688726091743,3.682202859942094e-11,7.78270396477361e-7,15.138170132588112,Down_in_T1R_R1,1.4391622503666652
A_23_P360754,ADAMTS4,ADAMTS4,ADAMTS4,FALSE,TRUE,TRUE,1.6919039661523794,1.6251504282727274,7.572363388979596,1.3995760181915159e-9,7.913307747654136e-6,11.727217279458683,Up_in_T1R_R1,1.6919039661523794
A_23_P16252,KLK1,KLK1,KLK1,FALSE,TRUE,TRUE,-1.1178271852380943,2.0541966304545456,-7.525636408787523,1.6403486996622554e-9,7.913307747654136e-6,11.577848645742506,Down_in_T1R_R1,1.1178271852380943
A_33_P3343972,RSPH1,RSPH1,RSPH1,FALSE,TRUE,TRUE,-1.191841238695237,0.43726657595454543,-7.478536053201739,1.9252564121795803e-9,7.913307747654136e-6,11.427114982529762,Down_in_T1R_R1,1.191841238695237
A_33_P3393766,C17orf96,C17orf96,C17orf96,FALSE,TRUE,TRUE,1.3869883084999992,-0.8995706317045454,7.171739547679521,5.481487004613773e-9,1.5215299059521251e-5,10.441460839369345,Up_in_T1R_R1,1.3869883084999992
A_23_P69100,ARHGEF26,ARHGEF26,ARHGEF26,FALSE,TRUE,TRUE,-1.2723680996047608,0.04137403070454545,-7.072123672170117,7.707008432422853e-9,1.628953302276894e-5,10.120171166123471,Down_in_T1R_R1,1.2723680996047608
A_23_P158725,SLC16A3,SLC16A3,SLC16A3,FALSE,TRUE,TRUE,1.2475089867619042,-1.384468622727273,6.954368090193062,1.1535790748553412e-8,2.2165497569220447e-5,9.739721998527829,Up_in_T1R_R1,1.2475089867619042
A_23_P30655,NFKBIE,NFKBIE,NFKBIE,FALSE,TRUE,TRUE,1.062549352419047,1.2441374967272727,6.820473582130151,1.8258381907088572e-8,2.613184878964572e-5,9.306400738557556,Up_in_T1R_R1,1.062549352419047
A_24_P398147,NEBL,NEBL,NEBL,FALSE,TRUE,TRUE,-1.2347846315571418,0.26350939506818183,-6.8052850131814475,1.923521971429976e-8,2.613184878964572e-5,9.257204065490647,Down_in_T1R_R1,1.2347846315571418
A_23_P79302,LYPD6B,LYPD6B,LYPD6B,FALSE,TRUE,TRUE,-1.2578160123809516,0.9913791789090908,-6.702438708624966,2.7379439613152818e-8,2.6535334215732545e-5,8.923889987185806,Down_in_T1R_R1,1.2578160123809516
A_23_P207850,TNS4,TNS4,TNS4,FALSE,TRUE,TRUE,-1.2006898382095226,0.22272728777272727,-6.694934076608628,2.809417965329878e-8,2.6535334215732545e-5,8.899556669666033,Down_in_T1R_R1,1.2006898382095226
A_23_P115022,TMEM125,TMEM125,TMEM125,FALSE,TRUE,TRUE,-1.118013645247618,-0.8788611048636363,-6.68530625040073,2.9038563873073684e-8,2.6535334215732545e-5,8.868336962703001,Down_in_T1R_R1,1.118013645247618
A_33_P3377750,KLC3,KLC3,KLC3,FALSE,TRUE,TRUE,-1.0745374377857138,1.7214740043409091,-6.653459137755716,3.239485331485449e-8,2.6535334215732545e-5,8.765052133926023,Down_in_T1R_R1,1.0745374377857138
A_33_P3367860,CHRM1,CHRM1,CHRM1,FALSE,TRUE,TRUE,-1.1023441934809513,0.08932317802272727,-6.577697082726514,4.202435598697802e-8,2.783362501652832e-5,8.519260434608,Down_in_T1R_R1,1.1023441934809513
A_33_P3394140,LOC283050,LOC283050,LOC283050,FALSE,TRUE,TRUE,1.1490725459714284,0.2745871345,6.5768955647838085,4.2140234695727975e-8,2.783362501652832e-5,8.516659555959361,Up_in_T1R_R1,1.1490725459714284
A_23_P65307,SLITRK6,SLITRK6,SLITRK6,FALSE,TRUE,TRUE,-1.3742844373809513,0.9022017286818182,-6.5278438077950796,4.987552496228213e-8,3.100497340008221e-5,8.357471791179588,Down_in_T1R_R1,1.3742844373809513
A_33_P3238290,FAM65C,FAM65C,FAM65C,FALSE,TRUE,TRUE,1.165446376742856,-0.02384414045454545,6.518226968711463,5.155106357565173e-8,3.1130950849570706e-5,8.326258617235847,Up_in_T1R_R1,1.165446376742856
A_23_P71170,TRPV6,TRPV6,TRPV6,FALSE,TRUE,TRUE,-1.1014042622047604,-0.24585250706818185,-6.485589417662909,5.7668718502315586e-8,3.294286579094438e-5,8.220320460738915,Down_in_T1R_R1,1.1014042622047604
A_23_P148990,HMCN1,HMCN1,HMCN1,FALSE,TRUE,TRUE,1.0492870736761897,1.5296984023636364,6.35854113014342,8.923287796133221e-8,4.1256138565563665e-5,7.807877933879754,Up_in_T1R_R1,1.0492870736761897
A_33_P3361546,TFAP2A,TFAP2A,TFAP2A,FALSE,TRUE,TRUE,-1.2461692345809514,-0.13632715395454545,-6.356732473155316,8.978909793792246e-8,4.1256138565563665e-5,7.802006296392768,Down_in_T1R_R1,1.2461692345809514
A_23_P60130,MAL2,MAL2,MAL2,FALSE,TRUE,TRUE,-1.1096317424047613,-0.8565722164772728,-6.285518053824507,1.1467595365223165e-7,4.294297437354008e-5,7.570828004021368,Down_in_T1R_R1,1.1096317424047613
A_33_P3282075,SP6,SP6,SP6,FALSE,TRUE,TRUE,-1.1343866821619035,0.3230441686818182,-6.28490365798219,1.1491822300258357e-7,4.294297437354008e-5,7.568833691306307,Down_in_T1R_R1,1.1343866821619035
A_33_P3540143,IL17RA,IL17RA,IL17RA,FALSE,TRUE,TRUE,1.0884920837142849,2.3573131422727274,6.269380919169353,1.2121171844706078e-7,4.294297437354008e-5,7.518448510572031,Up_in_T1R_R1,1.0884920837142849
A_23_P31143,TPD52L1,TPD52L1,TPD52L1,FALSE,TRUE,TRUE,-1.3254602609571426,-0.445442627659091,-6.267986610645721,1.217935990697509e-7,4.294297437354008e-5,7.5139228527029,Down_in_T1R_R1,1.3254602609571426
A_23_P27734,NPAS1,NPAS1,NPAS1,FALSE,TRUE,TRUE,-1.0671188679285706,-1.1458564751136364,-6.267058936877373,1.221822857895522e-7,4.294297437354008e-5,7.510911813351219,Down_in_T1R_R1,1.0671188679285706
A_24_P334130,FN1,FN1,FN1,FALSE,TRUE,TRUE,1.212217719761904,-1.7385642752272727,6.262600532280612,1.2406767031834356e-7,4.294297437354008e-5,7.496440876205788,Up_in_T1R_R1,1.212217719761904
A_33_P3725227,COBL,COBL,COBL,FALSE,TRUE,TRUE,-1.1288699546047611,0.4671200938863636,-6.2608547997784205,1.248138025345139e-7,4.294297437354008e-5,7.490774698296669,Down_in_T1R_R1,1.1288699546047611
A_24_P35228,GRHL2,GRHL2,GRHL2,FALSE,TRUE,TRUE,-1.5130306055238083,0.5237554236363636,-6.258156572888662,1.2597585966214385e-7,4.294297437354008e-5,7.482017049032815,Down_in_T1R_R1,1.5130306055238083
A_32_P99347,LINC00256B,LINC00256B,LINC00256B,FALSE,TRUE,TRUE,1.2048319228714277,0.8163455175227273,6.25705495309062,1.2645339954940957e-7,4.294297437354008e-5,7.478441540317806,Up_in_T1R_R1,1.2048319228714277
A_23_P62115,TIMP1,TIMP1,TIMP1,FALSE,TRUE,TRUE,1.113992710857142,0.8272163831818181,6.244896521190044,1.3184555524247629e-7,4.294297437354008e-5,7.438980106378843,Up_in_T1R_R1,1.113992710857142
A_23_P127186,TACC2,TACC2,TACC2,FALSE,TRUE,TRUE,-1.17963361362857,0.8757739382272727,-6.232650812905792,1.375085078224289e-7,4.294297437354008e-5,7.399237346980377,Down_in_T1R_R1,1.17963361362857
A_23_P320578,RGS16,RGS16,RGS16,FALSE,TRUE,TRUE,1.0234676174761896,-0.6702347129545454,6.231277175315115,1.3815869877936817e-7,4.294297437354008e-5,7.394779412078475,Up_in_T1R_R1,1.0234676174761896
A_23_P152970,RAPGEFL1,RAPGEFL1,RAPGEFL1,FALSE,TRUE,TRUE,-1.0725266695238085,2.824969440909091,-6.2132771136218885,1.469678781326052e-7,4.3574743750879074e-5,7.336365483484582,Down_in_T1R_R1,1.0725266695238085
A_23_P257111,FBP1,FBP1,FBP1,FALSE,TRUE,TRUE,1.9215435452380945,4.1582412522727275,6.211323532143235,1.4795706769394618e-7,4.3574743750879074e-5,7.330026007595738,Up_in_T1R_R1,1.9215435452380945
A_23_P53198,DGAT2,DGAT2,DGAT2,FALSE,TRUE,TRUE,-1.1800198999999991,3.476775022727273,-6.197485207340566,1.551569620676466e-7,4.3574743750879074e-5,7.285121708305387,Down_in_T1R_R1,1.1800198999999991
A_33_P3243502,LOC389634,LOC389634,LOC389634,FALSE,TRUE,TRUE,1.0717887859523805,2.2427996329545454,6.194632062383333,1.566843548952881e-7,4.3574743750879074e-5,7.27586387895503,Up_in_T1R_R1,1.0717887859523805
A_23_P7402,PDZD2,PDZD2,PDZD2,FALSE,TRUE,TRUE,-1.044222849523808,2.281532831818182,-6.1685142964235595,1.713825757212204e-7,4.402501284832041e-5,7.1911244302550825,Down_in_T1R_R1,1.044222849523808
A_23_P500501,FGFR3,FGFR3,FGFR3,FALSE,TRUE,TRUE,-1.4538484052380949,3.442891897727273,-6.1629271726185975,1.7470127667652605e-7,4.402501284832041e-5,7.172998659951264,Down_in_T1R_R1,1.4538484052380949
A_23_P143348,OVOL2,OVOL2,OVOL2,FALSE,TRUE,TRUE,-1.0497217164999992,-1.152214347840909,-6.13907322175814,1.896070191006683e-7,4.5028471412491295e-5,7.095619052850357,Down_in_T1R_R1,1.0497217164999992
A_23_P216556,EPB41L4B,EPB41L4B,EPB41L4B,FALSE,TRUE,TRUE,-1.1264048517714278,0.7176989244545454,-6.115873496208805,2.0532007560851545e-7,4.727342192884574e-5,7.020374233414532,Down_in_T1R_R1,1.1264048517714278
A_23_P259344,CECR6,CECR6,CECR6,FALSE,TRUE,TRUE,1.0430811464523806,0.01872215952272726,6.084915595086928,2.2832899461993077e-7,5.1892060540718886e-5,6.919988343477935,Up_in_T1R_R1,1.0430811464523806
A_33_P3398912,SLC2A6,SLC2A6,SLC2A6,FALSE,TRUE,TRUE,1.148917714499999,1.055962812840909,6.0425204870827445,2.6406583520851705e-7,5.551806651422507e-5,6.78256014453316,Up_in_T1R_R1,1.148917714499999
A_23_P146294,EFCAB1,EFCAB1,EFCAB1,FALSE,TRUE,TRUE,-1.3284742503809517,0.6410456227727273,-6.034789433098682,2.711599139902712e-7,5.564306739901332e-5,6.75750520612974,Down_in_T1R_R1,1.3284742503809517
A_23_P57784,CLDN1,CLDN1,CLDN1,FALSE,TRUE,TRUE,-1.4465745493809514,2.562623128409091,-5.98854971434007,3.1773657091747256e-7,5.991119255413037e-5,6.607693938205732,Down_in_T1R_R1,1.4465745493809514
A_23_P202206,GSTO2,GSTO2,GSTO2,FALSE,TRUE,TRUE,-1.1379900235333322,-0.8104006112272727,-5.98620061406,3.203049185568098e-7,5.991119255413037e-5,6.600085215797599,Down_in_T1R_R1,1.1379900235333322
A_33_P3256391,CRB3,CRB3,CRB3,FALSE,TRUE,TRUE,-1.0089976145619044,-0.2440007824090909,-5.949581357158033,3.631242133038605e-7,6.311068780675666e-5,6.481503832781219,Down_in_T1R_R1,1.0089976145619044
A_33_P3418833,FLRT3,FLRT3,FLRT3,FALSE,TRUE,TRUE,-1.7617205751809513,-0.39142486027272727,-5.933189526619073,3.84095529785409e-7,6.32815602884121e-5,6.428441396934434,Down_in_T1R_R1,1.7617205751809513
A_23_P153480,KLK5,KLK5,KLK5,FALSE,TRUE,TRUE,-1.022166641904761,1.9827008727272728,-5.930880070099235,3.871455983743601e-7,6.32815602884121e-5,6.420966329172535,Down_in_T1R_R1,1.022166641904761
A_23_P104464,ALOX5,ALOX5,ALOX5,FALSE,TRUE,TRUE,1.216519037809523,1.7238313586363636,5.9295841166888925,3.888677030943411e-7,6.32815602884121e-5,6.416771791709489,Up_in_T1R_R1,1.216519037809523
A_33_P3227400,COL4A4,COL4A4,COL4A4,FALSE,TRUE,TRUE,1.867130101947618,1.5510791843863636,5.9250735614284435,3.9492119128819753e-7,6.343848616411352e-5,6.402173318910914,Up_in_T1R_R1,1.867130101947618
A_23_P157136,SCIN,SCIN,SCIN,FALSE,TRUE,TRUE,-1.3545643878333322,0.30570412556818183,-5.915268634173006,4.084058536532981e-7,6.490275280312864e-5,6.370442690013786,Down_in_T1R_R1,1.3545643878333322
A_23_P69537,NMU,NMU,NMU,FALSE,TRUE,TRUE,-1.413645275142856,0.0849885940909091,-5.9097088966593505,4.162548812417068e-7,6.494129240399665e-5,6.352452258064573,Down_in_T1R_R1,1.413645275142856
A_23_P8834,EPHX2,EPHX2,EPHX2,FALSE,TRUE,TRUE,-1.0946476707857131,0.9881988098409092,-5.901073877415539,4.287443899988653e-7,6.494129240399665e-5,6.3245135463805875,Down_in_T1R_R1,1.0946476707857131
A_32_P4626,LOC100505880,LOC100505880,LOC100505880,FALSE,TRUE,TRUE,-1.0935312627190474,0.10181451852272728,-5.881113840182753,4.590610215360034e-7,6.78511451131816e-5,6.259946197522997,Down_in_T1R_R1,1.0935312627190474
A_24_P935986,BCAT1,BCAT1,BCAT1,FALSE,TRUE,TRUE,1.5909499605714266,-1.224275804909091,5.871421533498982,4.745430771677542e-7,6.869823615765516e-5,6.228600266610502,Up_in_T1R_R1,1.5909499605714266
A_33_P3402565,DSP,DSP,DSP,FALSE,TRUE,TRUE,-1.1161612452380942,4.038202552272727,-5.865132031136202,4.84866681366168e-7,6.935593823045092e-5,6.2082618882816965,Down_in_T1R_R1,1.1161612452380942
A_23_P407840,FNDC1,FNDC1,FNDC1,FALSE,TRUE,TRUE,1.609937039809523,-0.910572947181818,5.861915130343737,4.902330361719699e-7,6.935593823045092e-5,6.197860168565128,Up_in_T1R_R1,1.609937039809523
A_33_P3310929,ADAM12,ADAM12,ADAM12,FALSE,TRUE,TRUE,1.6108072535904756,-0.6322823750454546,5.8610877222116375,4.916228325999872e-7,6.935593823045092e-5,6.1951848635020434,Up_in_T1R_R1,1.6108072535904756
A_23_P45011,PPP1R14C,PPP1R14C,PPP1R14C,FALSE,TRUE,TRUE,-1.31347052047619,1.783150155,-5.8424269383054765,5.240305003334206e-7,7.054718888565081e-5,6.134857396092229,Down_in_T1R_R1,1.31347052047619
A_23_P208788,C19orf33,C19orf33,C19orf33,FALSE,TRUE,TRUE,-1.0874383814476185,0.07228407436363637,-5.832951310698045,5.412919253441382e-7,7.240978565869433e-5,6.1042312355057495,Down_in_T1R_R1,1.0874383814476185
A_23_P36397,CYP27B1,CYP27B1,CYP27B1,FALSE,TRUE,TRUE,3.0570310501904743,0.8040586804545454,5.8281891413426505,5.501795264148193e-7,7.267871543939764e-5,6.088841281365693,Up_in_T1R_R1,3.0570310501904743
A_23_P256948,MSC,MSC,MSC,FALSE,TRUE,TRUE,1.0973455257142848,-0.9474616564545454,5.820755973270576,5.643431433966942e-7,7.362936221501561e-5,6.064821935357066,Up_in_T1R_R1,1.0973455257142848
A_23_P253791,CAMP,CAMP,CAMP,FALSE,TRUE,TRUE,2.665743868890475,0.9360836699772728,5.796053225316803,6.140717622575128e-7,7.737979675512759e-5,5.985020579882662,Up_in_T1R_R1,2.665743868890475
A_32_P86763,TGM2,TGM2,TGM2,FALSE,TRUE,TRUE,1.0400524071428567,-3.036043834090909,5.793883516622208,6.186424931062542e-7,7.737979675512759e-5,5.978013099131041,Up_in_T1R_R1,1.0400524071428567
A_33_P3415698,TMIGD2,TMIGD2,TMIGD2,FALSE,TRUE,TRUE,1.0603755383666658,0.3859579603863637,5.79040632250476,6.260382875249252e-7,7.737979675512759e-5,5.9667834282522305,Up_in_T1R_R1,1.0603755383666658
A_24_P299685,PDPN,PDPN,PDPN,FALSE,TRUE,TRUE,1.1183567553714275,1.212707509,5.764772956510872,6.833427162440213e-7,8.224939004316529e-5,5.884022376997948,Up_in_T1R_R1,1.1183567553714275
A_23_P403335,EXPH5,EXPH5,EXPH5,FALSE,TRUE,TRUE,-1.1076108742857134,2.364415898181818,-5.761720920627316,6.905042937241182e-7,8.224939004316529e-5,5.874171120294979,Down_in_T1R_R1,1.1076108742857134
A_23_P1043,C1orf106,C1orf106,C1orf106,FALSE,TRUE,TRUE,-1.0793478214761898,1.0321114570454546,-5.741617849805112,7.39577755410698e-7,8.33092478477421e-5,5.809297820641965,Down_in_T1R_R1,1.0793478214761898
A_23_P418031,IFFO2,IFFO2,IFFO2,FALSE,TRUE,TRUE,-1.001396735714285,2.946912215909091,-5.7385864788862,7.472726807183325e-7,8.33092478477421e-5,5.799517732272691,Down_in_T1R_R1,1.001396735714285
A_23_P401774,ELMOD1,ELMOD1,ELMOD1,FALSE,TRUE,TRUE,-1.0977101561904756,4.02320525,-5.736411822111774,7.528418971857845e-7,8.33092478477421e-5,5.792502022657859,Down_in_T1R_R1,1.0977101561904756
A_23_P145514,IL20RA,IL20RA,IL20RA,FALSE,TRUE,TRUE,-1.3516962219047612,1.768597531818182,-5.734736938643789,7.571593349145735e-7,8.335062345184596e-5,5.787098853810842,Down_in_T1R_R1,1.3516962219047612
A_23_P210330,LGALSL,LGALSL,LGALSL,FALSE,TRUE,TRUE,-1.067550807619047,3.445775286363636,-5.708580783057524,8.278681113786498e-7,8.782226463077183e-5,5.702743387291769,Down_in_T1R_R1,1.067550807619047
A_23_P53891,KLF5,KLF5,KLF5,FALSE,TRUE,TRUE,-1.2110068135714278,2.2099623902272727,-5.7069815336230265,8.323984224078878e-7,8.782226463077183e-5,5.6975871949758075,Down_in_T1R_R1,1.2110068135714278
A_23_P17914,PNPLA3,PNPLA3,PNPLA3,FALSE,TRUE,TRUE,-1.3956822686238086,-0.5326399510681818,-5.67509485319887,9.280507972496644e-7,9.475981473753096e-5,5.594817638226741,Down_in_T1R_R1,1.3956822686238086
A_33_P3232945,F2RL1,F2RL1,F2RL1,FALSE,TRUE,TRUE,-1.1490311602714276,-0.43058596202272725,-5.668075574837568,9.505321219087392e-7,9.612654032853164e-5,5.572204532558179,Down_in_T1R_R1,1.1490311602714276
A_33_P3213029,RNF43,RNF43,RNF43,FALSE,TRUE,TRUE,-1.0031568971761895,-0.7937938404318182,-5.6476128054203105,1.019206095646907e-6,1.0088677393281956e-4,5.50630301036911,Down_in_T1R_R1,1.0031568971761895
A_23_P100220,ESRP2,ESRP2,ESRP2,FALSE,TRUE,TRUE,-1.0491022562095231,0.00559546172727272,-5.646962074010651,1.0214690396301753e-6,1.0088677393281956e-4,5.504207807006497,Down_in_T1R_R1,1.0491022562095231
A_23_P154643,BMP7,BMP7,BMP7,FALSE,TRUE,TRUE,-1.0722067656619043,-1.150918953931818,-5.63718417302995,1.0560794165380485e-6,1.0353670890307964e-4,5.472729126312925,Down_in_T1R_R1,1.0722067656619043
A_23_P157865,TNC,TNC,TNC,FALSE,TRUE,TRUE,1.111153300476189,-0.1681631059090909,5.628578835618624,1.0875018597816444e-6,1.0399387126062592e-4,5.445031439863537,Up_in_T1R_R1,1.111153300476189
A_23_P56746,FAP,FAP,FAP,FALSE,TRUE,TRUE,1.0671381299999991,2.8274006204545454,5.626953419344871,1.0935405422432449e-6,1.0399387126062592e-4,5.439800417138334,Up_in_T1R_R1,1.0671381299999991
A_23_P371824,TUFT1,TUFT1,TUFT1,FALSE,TRUE,TRUE,-1.12715428542857,0.5572271840909091,-5.621581121901793,1.1137375050237233e-6,1.0415909693000627e-4,5.422512403169093,Down_in_T1R_R1,1.12715428542857
A_23_P71480,DEFB1,DEFB1,DEFB1,FALSE,TRUE,TRUE,-1.2071707064761896,2.436579284090909,-5.602560493878786,1.1882694642281065e-6,1.082554456720916e-4,5.361322552881146,Down_in_T1R_R1,1.2071707064761896
A_23_P500000,SCEL,SCEL,SCEL,FALSE,TRUE,TRUE,-1.2167563266666663,5.410475786363636,-5.592779416218968,1.2285044282408197e-6,1.1096439997990583e-4,5.3298679325362075,Down_in_T1R_R1,1.2167563266666663
A_23_P6535,KLHDC7B,KLHDC7B,KLHDC7B,FALSE,TRUE,TRUE,1.129506216047618,2.2062570111363637,5.583536463161124,1.2677682530746254e-6,1.1243964759734932e-4,5.300151071117981,Up_in_T1R_R1,1.129506216047618
A_23_P384044,CNIH3,CNIH3,CNIH3,FALSE,TRUE,TRUE,1.5068322175238087,-1.63971496,5.58268757106243,1.2714362119495876e-6,1.1243964759734932e-4,5.297422167867919,Up_in_T1R_R1,1.5068322175238087
A_33_P3302185,HS3ST6,HS3ST6,HS3ST6,FALSE,TRUE,TRUE,-1.035094997619047,3.615574975,-5.571758753442221,1.3196102178313422e-6,1.1410939187745856e-4,5.2622950793804515,Down_in_T1R_R1,1.035094997619047
A_23_P14986,HSD11B2,HSD11B2,HSD11B2,FALSE,TRUE,TRUE,-1.3596941683809505,1.86413906,-5.562853592117901,1.3602007652538948e-6,1.1545864808998522e-4,5.233679842032747,Down_in_T1R_R1,1.3596941683809505
A_23_P103486,CYP2J2,CYP2J2,CYP2J2,FALSE,TRUE,TRUE,-1.280006344509523,-0.31897075361363636,-5.556358904902214,1.3905836461265936e-6,1.1709711531685929e-4,5.212814542921863,Down_in_T1R_R1,1.280006344509523
A_24_P295590,RASSF4,RASSF4,RASSF4,FALSE,TRUE,TRUE,1.2776628514285708,4.556497159090909,5.548286046265443,1.4292902224138136e-6,1.1940505194046784e-4,5.186884191472919,Up_in_T1R_R1,1.2776628514285708
A_33_P3303372,PARD3,PARD3,PARD3,FALSE,TRUE,TRUE,-1.0539494788428567,0.37503160275,-5.5421711636743245,1.4593192181251705e-6,1.2094518889995276e-4,5.167246733810177,Down_in_T1R_R1,1.0539494788428567
A_23_P36187,SYT8,SYT8,SYT8,FALSE,TRUE,TRUE,-1.445457307095237,1.2562300795909092,-5.4974455907945075,1.6988482257559814e-6,1.2916135287618138e-4,5.023716321321548,Down_in_T1R_R1,1.445457307095237
A_23_P59388,DST,DST,DST,FALSE,TRUE,TRUE,-1.1258782999999994,3.4950914454545456,-5.485636842721974,1.768352138112161e-6,1.3348532425406655e-4,4.9858513160092945,Down_in_T1R_R1,1.1258782999999994
A_23_P165624,TNFAIP6,TNFAIP6,TNFAIP6,FALSE,TRUE,TRUE,1.398778226190475,3.113302065909091,5.46414616155661,1.9021581640875396e-6,1.3872853787225055e-4,4.916975224756203,Up_in_T1R_R1,1.398778226190475
A_24_P687326,LINC00256A,LINC00256A,LINC00256A,FALSE,TRUE,TRUE,1.309859199999999,0.7386696818181818,5.458019076248879,1.9421140852479703e-6,1.3927751781453416e-4,4.897346591828133,Up_in_T1R_R1,1.309859199999999
A_23_P153320,ICAM1,ICAM1,ICAM1,FALSE,TRUE,TRUE,1.031928325704761,1.5286895837727272,5.444005743877733,2.036654230886033e-6,1.4396897600002403e-4,4.852467686326539,Up_in_T1R_R1,1.031928325704761
A_23_P37127,FOXA1,FOXA1,FOXA1,FALSE,TRUE,TRUE,-1.4434917519047608,-4.3842057068181814,-5.431616971396384,2.124027056152741e-6,1.4839492436335557e-4,4.812808003426091,Down_in_T1R_R1,1.4434917519047608
A_33_P3342563,PITPNM3,PITPNM3,PITPNM3,FALSE,TRUE,TRUE,-1.1136720093333323,1.9429895785454545,-5.428751359944287,2.1447605329161527e-6,1.491172981043283e-4,4.80363665857172,Down_in_T1R_R1,1.1136720093333323
A_23_P16469,PLAUR,PLAUR,PLAUR,FALSE,TRUE,TRUE,1.2194450759047608,-1.170912768909091,5.4232631678263985,2.185030906830732e-6,1.509242262966482e-4,4.7860741365122434,Up_in_T1R_R1,1.2194450759047608
A_23_P102364,NGEF,NGEF,NGEF,FALSE,TRUE,TRUE,-1.069539256666666,1.7697026813636365,-5.415809506405864,2.2409261583588817e-6,1.5278779123572043e-4,4.762226982475998,Down_in_T1R_R1,1.069539256666666
A_33_P3250680,CD40LG,CD40LG,CD40LG,FALSE,TRUE,TRUE,1.5962166694523796,1.2846925169318182,5.410360548679276,2.28268286221411e-6,1.549301740722232e-4,4.744797310131458,Up_in_T1R_R1,1.5962166694523796
A_23_P334955,FAM167A,FAM167A,FAM167A,FALSE,TRUE,TRUE,-1.2232892813904752,-0.6573599791818182,-5.407742767144118,2.3030169739010007e-6,1.5499349970094528e-4,4.73642487388937,Down_in_T1R_R1,1.2232892813904752
A_23_P58009,C3orf52,C3orf52,C3orf52,FALSE,TRUE,TRUE,-1.0310029839285704,0.03235028452272728,-5.402256718643092,2.346215196625943e-6,1.5643408326777896e-4,4.718881215336469,Down_in_T1R_R1,1.0310029839285704
A_33_P3227788,PANK1,PANK1,PANK1,FALSE,TRUE,TRUE,-1.104620440014285,-0.40564743070454545,-5.328491238946392,3.0113187929760977e-6,1.786117308956535e-4,4.483306977045554,Down_in_T1R_R1,1.104620440014285
A_24_P322353,PSTPIP2,PSTPIP2,PSTPIP2,FALSE,TRUE,TRUE,1.0391934459523808,1.789485328409091,5.318237883602814,3.1174746557034607e-6,1.8216376870328952e-4,4.450610844646682,Up_in_T1R_R1,1.0391934459523808
A_23_P91850,IL20RB,IL20RB,IL20RB,FALSE,TRUE,TRUE,-1.048115741428571,4.450101647727273,-5.306034637181751,3.2486577484954067e-6,1.862686767236553e-4,4.411712873726468,Down_in_T1R_R1,1.048115741428571
A_24_P928969,PTPN3,PTPN3,PTPN3,FALSE,TRUE,TRUE,-1.0066028285999995,1.251651221409091,-5.285176523364068,3.485653520085522e-6,1.952459986193601e-4,4.345268395435849,Down_in_T1R_R1,1.0066028285999995
A_23_P379475,DHCR24,DHCR24,DHCR24,FALSE,TRUE,TRUE,-1.178449504666666,-0.7282378613636363,-5.281396586176997,3.530398528940799e-6,1.9533639609343645e-4,4.333232841364935,Down_in_T1R_R1,1.178449504666666
A_33_P3329088,PRSS8,PRSS8,PRSS8,FALSE,TRUE,TRUE,-1.0187283513714276,0.46066046672727273,-5.275908566483728,3.5963768846908413e-6,1.9641607709257268e-4,4.315761744456084,Down_in_T1R_R1,1.0187283513714276
A_33_P3280521,MFAP3L,MFAP3L,MFAP3L,FALSE,TRUE,TRUE,-1.0669570910238084,1.7266870375227272,-5.263351219863444,3.751971492360908e-6,2.023748297641655e-4,4.275799374227263,Down_in_T1R_R1,1.0669570910238084
A_23_P25194,HRK,HRK,HRK,FALSE,TRUE,TRUE,1.585643371285713,-2.112108369136364,5.237422369064755,4.094638275827245e-6,2.152842651688673e-4,4.1933459153801556,Up_in_T1R_R1,1.585643371285713
A_33_P3218960,CACNA1H,CACNA1H,CACNA1H,FALSE,TRUE,TRUE,-1.6673899828476182,0.20511707577272728,-5.236128318573782,4.1125286561280136e-6,2.156883515531556e-4,4.1892330782298055,Down_in_T1R_R1,1.6673899828476182
A_24_P374943,CXADR,CXADR,CXADR,FALSE,TRUE,TRUE,-1.1268087393571418,1.0290356575681818,-5.224528933072805,4.2763844213078435e-6,2.2045283202137215e-4,4.152376736461414,Down_in_T1R_R1,1.1268087393571418
A_23_P47148,NOX4,NOX4,NOX4,FALSE,TRUE,TRUE,1.3823512567190466,0.6426171737954546,5.1933137472104125,4.750109816894288e-6,2.369529882709908e-4,4.05327946984024,Up_in_T1R_R1,1.3823512567190466
A_23_P376488,TNF,TNF,TNF,FALSE,TRUE,TRUE,1.3238129857142844,4.344275322727273,5.173835690690382,5.0716342957846255e-6,2.4699092736337293e-4,3.991509224120688,Up_in_T1R_R1,1.3238129857142844
A_23_P104804,ZBTB16,ZBTB16,ZBTB16,FALSE,TRUE,TRUE,-1.4094957468095226,2.4115381772272726,-5.156521926704921,5.375441003184205e-6,2.5763111347687387e-4,3.93664596044228,Down_in_T1R_R1,1.4094957468095226
A_23_P349966,TMEM130,TMEM130,TMEM130,FALSE,TRUE,TRUE,1.049478457619047,-2.0059223095454546,5.152753034884145,5.443921684625803e-6,2.6032291567025105e-4,3.924708715544024,Up_in_T1R_R1,1.049478457619047
A_23_P11629,TMEM61,TMEM61,TMEM61,FALSE,TRUE,TRUE,-1.0618554192333325,-0.4503154237045454,-5.145592004536,5.5764219100842245e-6,2.657704297142018e-4,3.902032979936874,Down_in_T1R_R1,1.0618554192333325
A_23_P329573,ITGB2,ITGB2,ITGB2,FALSE,TRUE,TRUE,1.152665845238095,5.207047247727273,5.1320807050984385,5.835160216514245e-6,2.728582883545245e-4,3.8592684663798034,Up_in_T1R_R1,1.152665845238095
A_24_P135748,GRTP1,GRTP1,GRTP1,FALSE,TRUE,TRUE,-1.037019186833332,0.20137769197727273,-5.125790989512278,5.959619722109299e-6,2.780629634580621e-4,3.8393697723527382,Down_in_T1R_R1,1.037019186833332
A_33_P3236676,C9orf152,C9orf152,C9orf152,FALSE,TRUE,TRUE,-1.5376353100952376,-1.65791256,-5.116503470279325,6.148210372514097e-6,2.8281402433112e-4,3.809997330329071,Down_in_T1R_R1,1.5376353100952376
A_23_P334883,SHANK2,SHANK2,SHANK2,FALSE,TRUE,TRUE,-1.2175596247142844,-0.9262937261363636,-5.086443068485379,6.799961012480788e-6,3.02576791494303e-4,3.715015188354834,Down_in_T1R_R1,1.2175596247142844
A_23_P64808,HOXC13,HOXC13,HOXC13,FALSE,TRUE,TRUE,-1.1068482794285706,-1.34462494,-5.0633955691996215,7.345462882935123e-6,3.1566462715570465e-4,3.642282616060176,Down_in_T1R_R1,1.1068482794285706
A_33_P3317618,SYN2,SYN2,SYN2,FALSE,TRUE,TRUE,-1.18901699575238,-0.08921341309090909,-5.062955717127784,7.356283058895674e-6,3.1566462715570465e-4,3.640895324628901,Down_in_T1R_R1,1.18901699575238
A_23_P131935,FERMT1,FERMT1,FERMT1,FALSE,TRUE,TRUE,-1.01412403855238,-0.2108832061818182,-5.020420799390345,8.480478398315295e-6,3.388343883304198e-4,3.5068812839684744,Down_in_T1R_R1,1.01412403855238
A_24_P260101,MME,MME,MME,FALSE,TRUE,TRUE,1.0785419076190468,-2.027297398181818,5.00983021259557,8.78578313546239e-6,3.4776666673996256e-4,3.473557800190629,Up_in_T1R_R1,1.0785419076190468
A_23_P432598,CHMP4C,CHMP4C,CHMP4C,FALSE,TRUE,TRUE,-1.0158793396238086,0.1811147914318182,-5.005275908795875,8.920385748321192e-6,3.497982804759123e-4,3.45923309913434,Down_in_T1R_R1,1.0158793396238086
A_23_P153571,IGFL2,IGFL2,IGFL2,FALSE,TRUE,TRUE,-1.3317254107142849,2.2414498475,-5.001578539703786,9.031156406236048e-6,3.5151156835079486e-4,3.4476061722558144,Down_in_T1R_R1,1.3317254107142849
A_33_P3336700,SHROOM3,SHROOM3,SHROOM3,FALSE,TRUE,TRUE,-1.1398365470666654,-1.7464158679090909,-4.98455400245101,9.558963296480202e-6,3.616076565681093e-4,3.3940985103098873,Down_in_T1R_R1,1.1398365470666654
A_32_P190303,LONRF2,LONRF2,LONRF2,FALSE,TRUE,TRUE,-1.2100044566666657,-2.9545129113636364,-4.983163931896747,9.603379225801038e-6,3.6181287578704226e-4,3.3897316398166355,Down_in_T1R_R1,1.2100044566666657
A_24_P146683,MSMB,MSMB,MSMB,FALSE,TRUE,TRUE,-1.3517633595238083,2.992246233181818,-4.972849720018316,9.93936222268542e-6,3.698562674976743e-4,3.357339724365871,Down_in_T1R_R1,1.3517633595238083
A_23_P403284,OTX1,OTX1,OTX1,FALSE,TRUE,TRUE,-1.302288536242857,0.6396614668409091,-4.972127464317033,9.96331917459309e-6,3.700056081889236e-4,3.3550721280147515,Down_in_T1R_R1,1.302288536242857
A_24_P222872,UGT1A6,UGT1A6,UGT1A6,FALSE,TRUE,TRUE,-1.0083695922285705,-0.8455331444545454,-4.919716836435275,1.18625788082455e-5,4.1374169255953286e-4,3.190757459686687,Down_in_T1R_R1,1.0083695922285705
A_23_P118894,PRR15L,PRR15L,PRR15L,FALSE,TRUE,TRUE,-1.4619482643285706,-1.416702113931818,-4.879164680004968,1.357309971804528e-5,4.503626933133517e-4,3.063946261632828,Down_in_T1R_R1,1.4619482643285706
A_24_P403561,LRP4,LRP4,LRP4,FALSE,TRUE,TRUE,-1.162684054999999,1.910994833409091,-4.876150840819787,1.3709515325527371e-5,4.534652831304328e-4,3.0545332990833858,Down_in_T1R_R1,1.162684054999999
A_23_P42746,NCF1,NCF1,NCF1,FALSE,TRUE,TRUE,1.439360573904761,1.786977619090909,4.8718713543461325,1.3905540977442687e-5,4.557577955555564e-4,3.041170216574206,Up_in_T1R_R1,1.439360573904761
A_32_P164246,FOXQ1,FOXQ1,FOXQ1,FALSE,TRUE,TRUE,-1.1182555430523795,0.3488616488863636,-4.870414694160413,1.3972892293716909e-5,4.557577955555564e-4,3.0366224174677283,Down_in_T1R_R1,1.1182555430523795
A_33_P3240747,LOC100130899,LOC100130899,LOC100130899,FALSE,TRUE,TRUE,-1.0156800109523805,2.4908838540909093,-4.850770880518084,1.4913156728213963e-5,4.7399170016169977e-4,2.9753306597350564,Down_in_T1R_R1,1.0156800109523805
A_23_P57658,HRASLS,HRASLS,HRASLS,FALSE,TRUE,TRUE,-1.6146933169666655,-1.368986128431818,-4.841765735925961,1.53647608225228e-5,4.8045480443489565e-4,2.9472568443795835,Down_in_T1R_R1,1.6146933169666655
A_33_P3396886,C11orf52,C11orf52,C11orf52,FALSE,TRUE,TRUE,-1.0446945266428564,0.3827820760681818,-4.82603653332354,1.618608881894891e-5,4.952086155610643e-4,2.8982566624324155,Down_in_T1R_R1,1.0446945266428564
A_23_P255104,LHFPL2,LHFPL2,LHFPL2,FALSE,TRUE,TRUE,1.0455252941904756,1.3355320877272727,4.817697086072716,1.6638923933500636e-5,5.027095451692119e-4,2.872296105791775,Up_in_T1R_R1,1.0455252941904756
A_23_P152235,IRX3,IRX3,IRX3,FALSE,TRUE,TRUE,-1.0419879108571422,0.459300305,-4.7961676293811,1.7866420639928987e-5,5.259396471386338e-4,2.805336240489665,Down_in_T1R_R1,1.0419879108571422
A_23_P99642,SLC7A7,SLC7A7,SLC7A7,FALSE,TRUE,TRUE,1.057434588428571,1.9650931429545455,4.794222018039706,1.7981642216683546e-5,5.27861097071977e-4,2.7992894629383036,Up_in_T1R_R1,1.057434588428571
A_23_P205959,ALDH1A3,ALDH1A3,ALDH1A3,FALSE,TRUE,TRUE,1.1565284714285706,-3.7975515181818182,4.745622488591437,2.110913429203748e-5,5.87829594725302e-4,2.648486240844224,Up_in_T1R_R1,1.1565284714285706
A_23_P500998,HOXA9,HOXA9,HOXA9,FALSE,TRUE,TRUE,-1.0954733533666667,-0.7723963049772727,-4.727355305038205,2.2418071116364016e-5,6.090750253859554e-4,2.5919249252546868,Down_in_T1R_R1,1.0954733533666667
A_32_P199551,SPTSSB,SPTSSB,SPTSSB,FALSE,TRUE,TRUE,-1.073164555904761,1.7819858677272726,-4.720911200983552,2.2898599729804203e-5,6.17327555981048e-4,2.571987949753338,Down_in_T1R_R1,1.073164555904761
A_32_P3476,RPRML,RPRML,RPRML,FALSE,TRUE,TRUE,-1.3281305271904753,-2.649293201590909,-4.711160621727309,2.364499371902578e-5,6.262664000568031e-4,2.5418374333492055,Down_in_T1R_R1,1.3281305271904753
A_23_P160159,SLC2A5,SLC2A5,SLC2A5,FALSE,TRUE,TRUE,1.31580495085238,0.05007677006818182,4.708571467554099,2.3847174180181384e-5,6.30616965857184e-4,2.5338345917544016,Up_in_T1R_R1,1.31580495085238
A_23_P64044,FERMT3,FERMT3,FERMT3,FALSE,TRUE,TRUE,1.0024776357142848,2.910600606818182,4.689710680881145,2.5372102727127156e-5,6.577309655906371e-4,2.475579492148813,Up_in_T1R_R1,1.0024776357142848
A_23_P3643,DNASE1L2,DNASE1L2,DNASE1L2,FALSE,TRUE,TRUE,-1.162332662619047,2.531461153409091,-4.660556226902658,2.7919624840313545e-5,6.901861878653415e-4,2.3856773057382084,Down_in_T1R_R1,1.162332662619047
A_23_P401606,EDIL3,EDIL3,EDIL3,FALSE,TRUE,TRUE,-1.1028241595238086,-2.4332375295454547,-4.653369431213165,2.8585231202356944e-5,7.017159659616915e-4,2.3635435178205517,Down_in_T1R_R1,1.1028241595238086
A_19_P00806473,XLOC_008115,XLOC_008115,XLOC_008115,FALSE,TRUE,TRUE,2.273782697899999,1.8250024650681815,4.641745479862177,2.9694899122035215e-5,7.197607658753856e-4,2.327767792006619,Up_in_T1R_R1,2.273782697899999
A_23_P79518,IL1B,IL1B,IL1B,FALSE,TRUE,TRUE,1.2647293704761895,-3.3265937727272727,4.6332366038373545,3.0533885718842034e-5,7.333684188107332e-4,2.3015980960966855,Up_in_T1R_R1,1.2647293704761895
A_33_P3262191,CPNE7,CPNE7,CPNE7,FALSE,TRUE,TRUE,1.0071996565952377,-1.6041342816590909,4.628902792819361,3.0970103172126885e-5,7.413183472775468e-4,2.288275203481109,Up_in_T1R_R1,1.0071996565952377
A_33_P3329344,FASN,FASN,FASN,FALSE,TRUE,TRUE,-1.2953813032857135,-1.688978889318182,-4.618938373100899,3.19963930173062e-5,7.581566847688159e-4,2.257658470511042,Down_in_T1R_R1,1.2953813032857135
A_23_P359214,LOC643650,LOC643650,LOC643650,FALSE,TRUE,TRUE,-1.1928265911047615,0.8936369789999999,-4.613029244376118,3.2620691185223005e-5,7.683913372058056e-4,2.2395123933705543,Down_in_T1R_R1,1.1928265911047615
A_23_P351844,CD1B,CD1B,CD1B,FALSE,TRUE,TRUE,1.564087800285713,1.403209699090909,4.610962429355626,3.284185828398055e-5,7.695626570844933e-4,2.233167330584597,Up_in_T1R_R1,1.564087800285713
A_24_P98109,SNX10,SNX10,SNX10,FALSE,TRUE,TRUE,1.3770257789999982,2.3872274870454544,4.597300706446757,3.434122732099944e-5,7.923975771360744e-4,2.1912501678396294,Up_in_T1R_R1,1.3770257789999982
A_23_P82065,ELOVL4,ELOVL4,ELOVL4,FALSE,TRUE,TRUE,-1.020495796428571,1.7363608620454545,-4.593918883452789,3.472262774661489e-5,7.985826551169231e-4,2.1808804435631464,Down_in_T1R_R1,1.020495796428571
A_23_P26024,C15orf48,C15orf48,C15orf48,FALSE,TRUE,TRUE,1.2914801038095232,4.208506390909091,4.588583825184106,3.533277508561817e-5,8.070773260600518e-4,2.1645267239747925,Up_in_T1R_R1,1.2914801038095232
A_32_P184464,ROPN1,ROPN1,ROPN1,FALSE,TRUE,TRUE,-1.2836871392761893,-0.7411888108181818,-4.587228052093941,3.5489496909352063e-5,8.070773260600518e-4,2.1603718540191155,Down_in_T1R_R1,1.2836871392761893
A_33_P3302075,UGT1A8,UGT1A8,UGT1A8,FALSE,TRUE,TRUE,-1.1463466986333326,-0.6212986232045454,-4.57220291545704,3.7272634054670074e-5,8.375096219671442e-4,2.1143540922089725,Down_in_T1R_R1,1.1463466986333326
A_23_P26325,CCL17,CCL17,CCL17,FALSE,TRUE,TRUE,1.71233048095238,3.193725359090909,4.561674814083323,3.857411587909105e-5,8.519357504916076e-4,2.082140196225418,Up_in_T1R_R1,1.71233048095238
A_23_P7313,SPP1,SPP1,SPP1,FALSE,TRUE,TRUE,2.670548898428569,2.4560070770454545,4.550227262246934,4.003982602339126e-5,8.760680774641798e-4,2.0471419446081827,Up_in_T1R_R1,2.670548898428569
A_24_P11506,KYNU,KYNU,KYNU,FALSE,TRUE,TRUE,1.105754261757142,0.4858108225681818,4.538016512529782,4.166341751695886e-5,9.004069454380802e-4,2.0098439467668916,Up_in_T1R_R1,1.105754261757142
A_32_P231568,RASEF,RASEF,RASEF,FALSE,TRUE,TRUE,-1.303108263242857,-1.9322457003863636,-4.511072423279355,4.547759693391604e-5,9.618271458247356e-4,1.927666689714372,Down_in_T1R_R1,1.303108263242857
A_24_P497464,FLJ37644,FLJ37644,FLJ37644,FALSE,TRUE,TRUE,-1.0543589063095231,1.3957897188409092,-4.509536915121582,4.57049727128381e-5,9.632548561109572e-4,1.9229887080438113,Down_in_T1R_R1,1.0543589063095231
A_33_P3420416,LGALS9,LGALS9,LGALS9,FALSE,TRUE,TRUE,1.018762801771428,1.9177827273636363,4.489808919081145,4.872718406915526e-5,0.00100500019672213,1.862937024815504,Up_in_T1R_R1,1.018762801771428
A_23_P23616,PLEKHN1,PLEKHN1,PLEKHN1,FALSE,TRUE,TRUE,-1.0905535619047615,2.323863448181818,-4.489440190433813,4.8785494030890864e-5,0.00100500019672213,1.8618155155763167,Down_in_T1R_R1,1.0905535619047615
A_23_P214079,SPINK1,SPINK1,SPINK1,FALSE,TRUE,TRUE,-1.2166989279809517,0.00774951518181816,-4.464226700785508,5.293896717364337e-5,0.00106868959902781,1.785205938657394,Down_in_T1R_R1,1.2166989279809517
A_23_P91081,EPCAM,EPCAM,EPCAM,FALSE,TRUE,TRUE,-1.0761571661904754,-3.9511720704545454,-4.462478990620431,5.323936383362512e-5,0.0010706633625,1.7799014185251538,Down_in_T1R_R1,1.0761571661904754
A_24_P40626,GREM2,GREM2,GREM2,FALSE,TRUE,TRUE,-1.27849057247619,0.6569265754545455,-4.459971162055566,5.367332563364314e-5,0.00107631822636876,1.7722911628217544,Down_in_T1R_R1,1.27849057247619
A_23_P7144,CXCL1,CXCL1,CXCL1,FALSE,TRUE,TRUE,1.4295607985714276,-3.403941825909091,4.439394160719463,5.736718073965886e-5,0.00112582426380077,1.7099072654489165,Up_in_T1R_R1,1.4295607985714276
A_24_P827037,LRRC15,LRRC15,LRRC15,FALSE,TRUE,TRUE,1.2367324026333322,1.289541951840909,4.431202367179546,5.890593661041753e-5,0.00114811392394737,1.6851014807117357,Up_in_T1R_R1,1.2367324026333322
A_23_P41344,EREG,EREG,EREG,FALSE,TRUE,TRUE,-1.161152853809524,-2.0226180295454546,-4.425826743681472,5.993755945886003e-5,0.00115972714989239,1.6688326205749275,Down_in_T1R_R1,1.161152853809524
A_23_P157875,FCN1,FCN1,FCN1,FALSE,TRUE,TRUE,1.211506129523809,2.760774686363636,4.412476345746861,6.257662646784551e-5,0.00119047666698864,1.6284605467296611,Up_in_T1R_R1,1.211506129523809
A_33_P3221960,IL18RAP,IL18RAP,IL18RAP,FALSE,TRUE,TRUE,1.1726490190476184,3.0447276636363636,4.404766870397616,6.415200627359254e-5,0.00120312875691705,1.6051675675077537,Up_in_T1R_R1,1.1726490190476184
A_23_P204304,PTPRO,PTPRO,PTPRO,FALSE,TRUE,TRUE,1.054829708619046,2.2307259902272727,4.394452156370268,6.632051237690195e-5,0.00123393516689982,1.5740271907297956,Up_in_T1R_R1,1.054829708619046
A_23_P410717,C1orf51,C1orf51,C1orf51,FALSE,TRUE,TRUE,-1.0745357946999994,1.1135274318409092,-4.378229180678015,6.987685650957405e-5,0.00128679751628743,1.5251054603871417,Down_in_T1R_R1,1.0745357946999994
A_23_P24948,KCNE3,KCNE3,KCNE3,FALSE,TRUE,TRUE,1.0402230773428562,1.9678083498636365,4.352262574471741,7.596040301964794e-5,0.00136522030461163,1.4469447686809929,Up_in_T1R_R1,1.0402230773428562
A_24_P250227,NR1D1,NR1D1,NR1D1,FALSE,TRUE,TRUE,-1.3857581629047608,0.7653067375,-4.3461398267418865,7.746854807380705e-5,0.00138291827034458,1.4285410762757105,Down_in_T1R_R1,1.3857581629047608
A_23_P28834,PHACTR3,PHACTR3,PHACTR3,FALSE,TRUE,TRUE,-1.1786741787619035,-1.9264696859090908,-4.345497168976026,7.762853178870874e-5,0.00138460476614864,1.426609963099252,Down_in_T1R_R1,1.1786741787619035
A_33_P3330608,PRAM1,PRAM1,PRAM1,FALSE,TRUE,TRUE,1.1351125083333329,2.978570453409091,4.301267716987809,8.944950182422762e-5,0.00150167170020403,1.2939737035769694,Up_in_T1R_R1,1.1351125083333329
A_23_P169494,ORM1,ORM1,ORM1,FALSE,TRUE,TRUE,1.416821963257142,-0.3447125720909091,4.299519971586988,8.995100975818157e-5,0.00150889249384835,1.288743496185269,Up_in_T1R_R1,1.416821963257142
A_24_P63522,HMGCS1,HMGCS1,HMGCS1,FALSE,TRUE,TRUE,-1.2316659136095232,-0.7112830333181819,-4.290606504034578,9.255166320874434e-5,0.00153295064063999,1.262082669205319,Down_in_T1R_R1,1.2316659136095232
A_33_P3410806,CLDN10,CLDN10,CLDN10,FALSE,TRUE,TRUE,-1.5280032503809513,2.151636522272727,-4.280786952903135,9.550160224033988e-5,0.00156581682261897,1.2327372078635,Down_in_T1R_R1,1.5280032503809513
A_33_P3248265,LTB,LTB,LTB,FALSE,TRUE,TRUE,1.2544305923333323,1.4477925143181818,4.280572693233667,9.556698056294826e-5,0.00156581682261897,1.2320971982344495,Up_in_T1R_R1,1.2544305923333323
A_33_P3417086,NIPAL1,NIPAL1,NIPAL1,FALSE,TRUE,TRUE,-1.0137493546190466,2.1245469525,-4.267931276551729,9.950256054094852e-5,0.00160909420014804,1.1943590986529309,Down_in_T1R_R1,1.0137493546190466
A_23_P36531,TSPAN8,TSPAN8,TSPAN8,FALSE,TRUE,TRUE,-1.1551269613333326,0.34455860954545453,-4.25824937877453,1.0262319735853152e-4,0.00164440098442703,1.1654863860397926,Down_in_T1R_R1,1.1551269613333326
A_33_P3373273,SLC15A1,SLC15A1,SLC15A1,FALSE,TRUE,TRUE,-1.0472004672857134,2.268195929318182,-4.258020633663321,1.0269806749816697e-4,0.00164440098442703,1.1648045580782815,Down_in_T1R_R1,1.0472004672857134
A_33_P3387951,KIAA1244,KIAA1244,KIAA1244,FALSE,TRUE,TRUE,-1.1007630121476184,-0.785197355159091,-4.247424249742009,1.0622532290701468e-4,0.00168052277317564,1.1332358622404524,Down_in_T1R_R1,1.1007630121476184
A_23_P18447,PPARGC1A,PPARGC1A,PPARGC1A,FALSE,TRUE,TRUE,-1.211623535714285,2.1566113404545453,-4.231234922442152,1.1184339971470032e-4,0.00173355071181342,1.085066630659993,Down_in_T1R_R1,1.211623535714285
A_23_P84219,LIPH,LIPH,LIPH,FALSE,TRUE,TRUE,-1.084234570780951,-0.0724180395,-4.218286395783627,1.1654423652116047e-4,0.00177597619546593,1.0465943202014871,Down_in_T1R_R1,1.084234570780951
A_23_P26847,SOX9,SOX9,SOX9,FALSE,TRUE,TRUE,-1.3145961904761896,-1.2531586227272726,-4.206194253215654,1.211076013136828e-4,0.00182444993532004,1.0107104671146967,Down_in_T1R_R1,1.3145961904761896
A_23_P103932,FGR,FGR,FGR,FALSE,TRUE,TRUE,1.0036951704761896,3.3464292909090907,4.171849806374649,1.3503801819295404e-4,0.00196027716519661,0.9090267371754326,Up_in_T1R_R1,1.0036951704761896
A_23_P134176,SOD2,SOD2,SOD2,FALSE,TRUE,TRUE,1.199843027619047,2.805531122727273,4.16121647778092,1.3965865485897358e-4,0.00200395473801715,0.8776157962185644,Up_in_T1R_R1,1.199843027619047
A_23_P62999,EXTL1,EXTL1,EXTL1,FALSE,TRUE,TRUE,-1.0531973959523802,-1.659938830681818,-4.155644529119739,1.4214095467525128e-4,0.00203104512920423,0.8611697957020876,Down_in_T1R_R1,1.0531973959523802
A_32_P56249,LOC100131733,LOC100131733,LOC100131733,FALSE,TRUE,TRUE,1.3954990456190466,3.6270549922727273,4.144654519885701,1.471634169251302e-4,0.00208195848736917,0.828759538214678,Up_in_T1R_R1,1.3954990456190466
A_33_P3347320,LOC100133190,LOC100133190,LOC100133190,FALSE,TRUE,TRUE,-1.0805014819047611,0.3478593372727273,-4.130675321621613,1.5380182172148175e-4,0.00214147253221688,0.7875870948773347,Down_in_T1R_R1,1.0805014819047611
A_23_P157007,TMEM176B,TMEM176B,TMEM176B,FALSE,TRUE,TRUE,1.0493990771428556,3.5055341863636365,4.125105067933379,1.5652734623297266e-4,0.00216232809802621,0.7711978999587776,Up_in_T1R_R1,1.0493990771428556
A_23_P518,VTCN1,VTCN1,VTCN1,FALSE,TRUE,TRUE,-1.0917703138095234,-1.642994556818182,-4.12427374661892,1.5693811718115274e-4,0.00216658657396528,0.7687527459631465,Down_in_T1R_R1,1.0917703138095234
A_23_P50146,SIGLEC15,SIGLEC15,SIGLEC15,FALSE,TRUE,TRUE,1.4809784769333318,0.9386522475454544,4.098308997976526,1.7030847697452808e-4,0.00228258717142271,0.692490692380761,Up_in_T1R_R1,1.4809784769333318
A_23_P166269,FAM3B,FAM3B,FAM3B,FALSE,TRUE,TRUE,-1.0471058271428564,-0.7169008809090909,-4.080628063930564,1.800397695134628e-4,0.00237683983037885,0.6406798840813606,Down_in_T1R_R1,1.0471058271428564
A_23_P215549,PON3,PON3,PON3,FALSE,TRUE,TRUE,-1.1887547275904755,0.9786433141363636,-4.011514242530001,2.2352439668758917e-4,0.00277906567552287,0.4391125269520453,Down_in_T1R_R1,1.1887547275904755
A_32_P208350,TDRD9,TDRD9,TDRD9,FALSE,TRUE,TRUE,1.0684412903428562,-0.26882652931818185,4.006785400042594,2.2684610633437504e-4,0.00280387093770956,0.4253778679909352,Up_in_T1R_R1,1.0684412903428562
A_33_P3387621,RHPN2,RHPN2,RHPN2,FALSE,TRUE,TRUE,-1.064061688471428,-2.0159591227954547,-4.001974967265174,2.3027420952006545e-4,0.0028302650264281,0.41141381363684193,Down_in_T1R_R1,1.064061688471428
A_24_P365767,CYBB,CYBB,CYBB,FALSE,TRUE,TRUE,1.1107628076190474,6.272395286363636,3.9960786600937177,2.3454468966176587e-4,0.00286054202970828,0.3943080666278691,Up_in_T1R_R1,1.1107628076190474
A_33_P3233645,MT1G,MT1G,MT1G,FALSE,TRUE,TRUE,1.2346348203809512,3.0824375172727274,3.99601584976702,2.3459059150937776e-4,0.00286054202970828,0.39412591003990105,Up_in_T1R_R1,1.2346348203809512
A_23_P215111,ATP6V0A4,ATP6V0A4,ATP6V0A4,FALSE,TRUE,TRUE,-1.3679489916190466,1.98243672,-3.9753456100041737,2.5017886781874036e-4,0.00298239173729097,0.3342515378424906,Down_in_T1R_R1,1.3679489916190466
A_23_P362148,DNER,DNER,DNER,FALSE,TRUE,TRUE,-1.407201694080951,-1.2553689852045455,-3.959632876241796,2.626951576814933e-4,0.00308007851645905,0.2888333662856706,Down_in_T1R_R1,1.407201694080951
A_23_P125233,CNN1,CNN1,CNN1,FALSE,TRUE,TRUE,-1.1974123727142851,1.4918170511363635,-3.9593929725729127,2.628908801898244e-4,0.00308007851645905,0.2881405644649959,Down_in_T1R_R1,1.1974123727142851
A_23_P27133,KRT15,KRT15,KRT15,FALSE,TRUE,TRUE,-1.1587485433333322,3.438898045,-3.947757225985266,2.725551450404402e-4,0.00314450084365433,0.25456197248764667,Down_in_T1R_R1,1.1587485433333322
A_33_P3253249,FTH1,FTH1,FTH1,FALSE,TRUE,TRUE,1.019942919261904,1.340193644659091,3.931590561301242,2.865553674312417e-4,0.00325976008935776,0.2079848621928102,Up_in_T1R_R1,1.019942919261904
A_23_P154526,GRB14,GRB14,GRB14,FALSE,TRUE,TRUE,-1.288265537204761,0.05513952470454547,-3.93132508044567,2.867909819249815e-4,0.00326068541902442,0.20722074625773956,Down_in_T1R_R1,1.288265537204761
A_23_P110624,CTNND2,CTNND2,CTNND2,FALSE,TRUE,TRUE,1.3468698654714275,0.07368100075000002,3.9259102330692226,2.916377709905724e-4,0.00329452481435421,0.19164086012067383,Up_in_T1R_R1,1.3468698654714275
A_23_P71037,IL6,IL6,IL6,FALSE,TRUE,TRUE,1.0657692699047612,-1.1651473472727274,3.9199075422968703,2.9710336089252675e-4,0.00331571304127307,0.17438145737901323,Up_in_T1R_R1,1.0657692699047612
A_23_P30126,FGFBP1,FGFBP1,FGFBP1,FALSE,TRUE,TRUE,-1.019059753157142,0.7558698747045455,-3.9198877745734944,2.97121522528918e-4,0.00331571304127307,0.17432464032695272,Down_in_T1R_R1,1.019059753157142
A_32_P25437,SLC12A2,SLC12A2,SLC12A2,FALSE,TRUE,TRUE,-1.119597764595237,0.8560572262954546,-3.882932964860807,3.3301951124177834e-4,0.00359484187416048,0.06834671767007627,Down_in_T1R_R1,1.119597764595237
A_23_P319423,KCNK5,KCNK5,KCNK5,FALSE,TRUE,TRUE,-1.008738701238094,1.8033870726363637,-3.84740415728576,3.714633675728798e-4,0.0038906093840537,-0.03308551692830264,Down_in_T1R_R1,1.008738701238094
A_23_P167328,CD38,CD38,CD38,FALSE,TRUE,TRUE,1.029818618661904,1.08443471325,3.842155981509014,3.77493602014379e-4,0.00392485998061672,-0.04803022700998038,Up_in_T1R_R1,1.029818618661904
A_23_P1691,MMP1,MMP1,MMP1,FALSE,TRUE,TRUE,1.4053629459523802,-4.348329569318182,3.836232901431942,3.844128460959066e-4,0.00396532450711717,-0.06488480143301434,Up_in_T1R_R1,1.4053629459523802
A_23_P89589,PER1,PER1,PER1,FALSE,TRUE,TRUE,-1.2156472634285704,0.9650452514545454,-3.8241497481605577,3.989097896143613e-4,0.004066144072619,-0.0992287272472554,Down_in_T1R_R1,1.2156472634285704
A_33_P3413483,SORD,SORD,SORD,FALSE,TRUE,TRUE,-1.0054505422761897,0.619637298,-3.8236057060806425,3.995747731566288e-4,0.0040700782676812,-0.10077380238774136,Down_in_T1R_R1,1.0054505422761897
A_32_P232035,LOC100270746,LOC100270746,LOC100270746,FALSE,TRUE,TRUE,-1.082138113142857,-1.4012213413636363,-3.802615401915511,4.26063949457208e-4,0.0042437736266388,-0.1603030347425971,Down_in_T1R_R1,1.082138113142857
A_32_P234145,SHC4,SHC4,SHC4,FALSE,TRUE,TRUE,-1.021061717409523,-0.7986944734545455,-3.799074317776478,4.306965377639889e-4,0.00427808510701497,-0.17032963697182346,Down_in_T1R_R1,1.021061717409523
A_23_P215720,CFTR,CFTR,CFTR,FALSE,TRUE,TRUE,-1.1945192045238089,-0.16210034568181816,-3.781778574929245,4.540303759042126e-4,0.00445307936200066,-0.21923561376232037,Down_in_T1R_R1,1.1945192045238089
A_23_P109322,PCP4,PCP4,PCP4,FALSE,TRUE,TRUE,-1.3336189945952373,0.12566421920454546,-3.691641040973144,5.967410245209548e-4,0.00545532798195281,-0.47227416777966,Down_in_T1R_R1,1.3336189945952373
A_23_P370666,GLYATL1,GLYATL1,GLYATL1,FALSE,TRUE,TRUE,-1.335383006004761,0.2052475196136364,-3.646115496076147,6.843381564237865e-4,0.00603679936317744,-0.5988721621310873,Down_in_T1R_R1,1.335383006004761
A_23_P110184,MSMO1,MSMO1,MSMO1,FALSE,TRUE,TRUE,-1.034730654809523,-1.226712783409091,-3.6446854522831074,6.872806120081079e-4,0.00605265125641807,-0.6028354471418327,Down_in_T1R_R1,1.034730654809523
A_23_P39955,ACTG2,ACTG2,ACTG2,FALSE,TRUE,TRUE,-1.0821178921904753,0.0612987509090909,-3.5785416936013457,8.374651579414962e-4,0.0069660226596818,-0.7852399642487233,Down_in_T1R_R1,1.0821178921904753
A_23_P152002,BCL2A1,BCL2A1,BCL2A1,FALSE,TRUE,TRUE,1.1465545090476186,2.314379675,3.549417403811864,9.131420775890886e-4,0.00741743695308338,-0.864982342570265,Up_in_T1R_R1,1.1465545090476186
A_23_P10873,TLR1,TLR1,TLR1,FALSE,TRUE,TRUE,1.0340246080952369,4.210730193181818,3.4965205958423486,0.00106763329805304,0.00833987621968879,-1.008894697430642,Up_in_T1R_R1,1.0340246080952369
A_24_P184799,COCH,COCH,COCH,FALSE,TRUE,TRUE,-1.2281009559523803,-2.953257303409091,-3.4636003823472574,0.00117607172265619,0.00895118902774986,-1.097848353990701,Down_in_T1R_R1,1.2281009559523803
A_23_P386320,MFI2,MFI2,MFI2,FALSE,TRUE,TRUE,-1.1135978889761895,-2.569065969204545,-3.453999597885348,0.00120962698739635,0.00913753989083898,-1.123701124667441,Down_in_T1R_R1,1.1135978889761895
A_23_P207058,SOCS3,SOCS3,SOCS3,FALSE,TRUE,TRUE,1.009972550557142,0.20442918975,3.445418549844645,0.00124038965802667,0.00926654816297503,-1.146773489760239,Up_in_T1R_R1,1.009972550557142
A_33_P3254096,PI15,PI15,PI15,FALSE,TRUE,TRUE,1.2210243321428562,-2.5069126579545453,3.379181016193551,0.00150424718544101,0.01057676929856331,-1.3237601418556686,Up_in_T1R_R1,1.2210243321428562
A_23_P114713,CYP4B1,CYP4B1,CYP4B1,FALSE,TRUE,TRUE,-1.0020692630476182,1.5876024272727274,-3.3529787732761616,0.00162271048482185,0.01117914237522646,-1.3932213145877714,Down_in_T1R_R1,1.0020692630476182
A_23_P123596,GLDC,GLDC,GLDC,FALSE,TRUE,TRUE,-1.5949201482904745,-1.1845205972045454,-3.2915867856876626,0.00193595318663516,0.01274713599773237,-1.5547159929485908,Down_in_T1R_R1,1.5949201482904745
A_23_P94434,HRCT1,HRCT1,HRCT1,FALSE,TRUE,TRUE,-1.0247454407761898,0.14097230111363637,-3.2586744056344648,0.00212669863201133,0.0136917155912859,-1.6405569654207346,Down_in_T1R_R1,1.0247454407761898
A_24_P77082,KMO,KMO,KMO,FALSE,TRUE,TRUE,1.16198254627619,2.2369114301363635,3.245289721628634,0.00220925300493954,0.01406469021457898,-1.6753169793652347,Up_in_T1R_R1,1.16198254627619
A_23_P49448,FA2H,FA2H,FA2H,FALSE,TRUE,TRUE,-1.6441116145285704,0.5597742102954545,-3.2356619272930924,0.00227050189893118,0.014350875638699,-1.7002664650186503,Down_in_T1R_R1,1.6441116145285704
A_23_P161940,SCGB2A2,SCGB2A2,SCGB2A2,FALSE,TRUE,TRUE,-1.4983018223095226,2.224623226659091,-3.2347426344279,0.00227643345584523,0.0143797661454707,-1.7026463557695417,Down_in_T1R_R1,1.4983018223095226
A_23_P434809,S100A8,S100A8,S100A8,FALSE,TRUE,TRUE,1.291713994285713,4.255767027272728,3.1220442666329173,0.00312567109805106,0.01795668902292975,-1.9912205594486456,Up_in_T1R_R1,1.291713994285713
A_33_P3409518,TUBBP5,TUBBP5,TUBBP5,FALSE,TRUE,TRUE,-1.0576102848428564,-1.6436141956590908,-3.048878452189471,0.00382828522521712,0.0208328106385657,-2.175096113693283,Down_in_T1R_R1,1.0576102848428564
A_33_P3279708,RNU2-2,RNU2-2,RNU2-2,FALSE,TRUE,TRUE,-1.146176916190475,3.366298868181818,-2.9680612090673715,0.00477546137553622,0.02435669682271564,-2.374902490491575,Down_in_T1R_R1,1.146176916190475
A_23_P372946,TM4SF19,TM4SF19,TM4SF19,FALSE,TRUE,TRUE,1.1200824856190468,-0.31376701954545455,2.9061228959375023,0.00564519349770721,0.02739137047005041,-2.525620660190215,Up_in_T1R_R1,1.1200824856190468
A_23_P127781,SCGB1D1,SCGB1D1,SCGB1D1,FALSE,TRUE,TRUE,-1.1186039976190465,4.235958079545455,-2.8860451767592,0.00595742403407725,0.02857184351809775,-2.57401766441346,Down_in_T1R_R1,1.1186039976190465
A_33_P3359047,LYPD6,LYPD6,LYPD6,FALSE,TRUE,TRUE,-1.147492488599999,-0.12090572177272726,-2.816599208129693,0.00716562190455406,0.03247268108375958,-2.739647292037494,Down_in_T1R_R1,1.147492488599999
A_23_P150555,SCGB1D2,SCGB1D2,SCGB1D2,FALSE,TRUE,TRUE,-1.3197381573809517,4.9029211402272725,-2.7532429890556696,0.00846236039636475,0.03681013569408634,-2.8883117430152363,Down_in_T1R_R1,1.3197381573809517
A_32_P52153,LOC728978,LOC728978,LOC728978,FALSE,TRUE,TRUE,-1.0721886683095232,-0.10053708875,-2.6569435485162427,0.01085312291347226,0.04403755152604143,-3.109686731819653,Down_in_T1R_R1,1.0721886683095232
A_23_P31407,AGR2,AGR2,AGR2,FALSE,TRUE,TRUE,-1.0702143542857134,-4.98158670909091,-2.6504911542858993,0.01103364720894983,0.04454769195957282,-3.1243176224474505,Down_in_T1R_R1,1.0702143542857134
